MedInc,HouseAge,AveRooms,AveBedrms,Population,AveOccup,Latitude,Longitude,Price
6.87,32.0,7.4,4.6,10,84.87882,24.98298,121.54024,37.9
14.36,19.5,6.1,3.8,9,306.5947,24.98034,121.53951,42.2
11.52,13.3,5.1,3.2,5,561.9845,24.98746,121.54391,47.3
9.78,13.3,5.3,3.3,5,561.9845,24.98746,121.54391,54.8
4.03,5.0,7.7,4.8,5,390.5684,24.97937,121.54245,43.1
4.03,7.1,8.3,5.2,3,2175.03,24.96305,121.51254,32.1
2.76,34.5,8.5,5.3,7,623.4731,24.97933,121.53642,40.3
13.26,20.3,8.5,5.3,6,287.6025,24.98042,121.54228,46.7
9.81,31.7,3.6,2.2,1,5512.038,24.95095,121.48458,18.8
11.2,17.9,6.5,4.0,3,1783.18,24.96731,121.51486,22.1
2.27,34.8,3.4,2.1,1,405.2134,24.97349,121.53372,41.4
14.61,6.3,6.8,4.2,9,90.45606,24.97433,121.5431,58.1
12.82,13.0,6.1,3.8,5,492.2313,24.96515,121.53737,39.3
4.76,20.4,9.2,5.7,4,2469.645,24.96108,121.51046,23.8
4.36,13.2,5.5,3.4,4,1164.838,24.99156,121.53406,34.3
4.38,35.7,3.8,2.4,2,579.2083,24.9824,121.54619,50.5
5.96,0.0,4.0,2.5,6,292.9978,24.97744,121.54458,70.1
8.82,17.7,8.3,5.2,1,350.8515,24.97544,121.53119,37.4
7.62,16.9,7.3,4.5,8,368.1363,24.9675,121.54451,42.3
5.79,1.5,3.7,2.3,7,23.38284,24.96772,121.54102,47.7
9.95,4.5,3.6,2.2,3,2275.877,24.96314,121.51151,29.3
3.81,10.5,7.9,4.9,7,279.1726,24.97528,121.54541,51.6
5.8,14.7,3.5,2.2,1,1360.139,24.95204,121.54842,24.6
6.76,10.1,8.8,5.5,7,279.1726,24.97528,121.54541,47.9
7.93,39.6,7.9,4.9,4,480.6977,24.97353,121.53885,38.8
12.21,29.3,3.6,2.2,2,1487.868,24.97542,121.51726,27.0
4.6,3.1,3.6,2.2,5,383.8624,24.98085,121.54391,56.2
8.69,10.4,9.9,6.2,5,276.449,24.95593,121.53913,33.6
9.7,19.2,5.6,3.5,4,557.478,24.97419,121.53797,47.0
2.6,7.1,5.6,3.5,5,451.2438,24.97563,121.54694,57.1
9.9,25.9,8.7,5.4,0,4519.69,24.94826,121.49587,22.1
4.22,29.6,9.6,6.0,7,769.4034,24.98281,121.53408,25.0
2.85,37.9,9.9,6.2,1,488.5727,24.97349,121.53451,34.2
14.34,16.5,8.3,5.2,6,323.655,24.97841,121.54281,49.3
14.55,15.4,5.6,3.5,7,205.367,24.98419,121.54243,55.1
12.51,13.9,3.6,2.2,0,4079.418,25.01459,121.51816,27.3
5.96,14.7,8.4,5.2,2,1935.009,24.96386,121.51458,22.9
3.27,12.0,6.9,4.3,1,1360.139,24.95204,121.54842,25.3
10.9,3.1,6.0,3.7,6,577.9615,24.97201,121.54722,47.7
7.72,16.2,9.3,5.8,5,289.3248,24.98203,121.54348,46.2
3.59,13.6,3.8,2.4,0,4082.015,24.94155,121.50381,15.9
8.44,16.8,6.4,4.0,0,4066.587,24.94297,121.50342,18.2
2.45,36.1,3.1,1.9,5,519.4617,24.96305,121.53758,34.7
13.82,34.4,6.3,3.9,6,512.7871,24.98748,121.54301,34.1
5.36,2.7,3.4,2.1,4,533.4762,24.97445,121.54765,53.9
10.61,36.6,3.8,2.4,8,488.8193,24.97015,121.54494,38.3
6.05,21.7,3.8,2.4,9,463.9623,24.9703,121.54458,42.0
8.76,35.9,7.5,4.7,3,640.7391,24.97563,121.53715,61.5
9.11,24.2,8.2,5.1,0,4605.749,24.94684,121.49578,13.4
4.4,29.4,7.1,4.4,1,4510.359,24.94925,121.49542,13.2
14.6,21.7,9.7,6.0,4,512.5487,24.974,121.53842,44.2
12.08,31.3,5.6,3.5,1,1758.406,24.95402,121.55282,20.7
14.21,32.1,5.0,3.1,3,1438.579,24.97419,121.5175,27.0
13.63,13.3,9.1,5.7,5,492.2313,24.96515,121.53737,38.9
9.77,16.1,4.6,2.9,5,289.3248,24.98203,121.54348,51.7
13.98,31.7,9.7,6.0,0,1160.632,24.94968,121.53009,13.7
3.15,33.6,3.1,1.9,8,371.2495,24.97254,121.54059,41.9
4.55,3.5,9.8,6.1,7,56.47425,24.95744,121.53711,53.5
2.59,30.3,3.3,2.1,1,4510.359,24.94925,121.49542,22.6
6.23,13.3,9.2,5.7,5,336.0532,24.95776,121.53438,42.4
7.05,11.0,6.7,4.2,2,1931.207,24.96365,121.51471,21.3
5.53,5.3,10.0,6.2,6,259.6607,24.97585,121.54516,63.2
12.77,17.2,3.5,2.2,3,2175.877,24.96303,121.51254,27.7
6.64,2.6,6.9,4.3,4,533.4762,24.97445,121.54765,55.0
5.65,17.5,9.8,6.1,0,995.7554,24.96305,121.54915,25.3
9.06,40.1,6.7,4.2,8,123.7429,24.97635,121.54329,44.3
3.83,1.0,7.4,4.6,6,193.5845,24.96571,121.54089,50.7
12.43,8.5,7.9,4.9,5,104.8101,24.96674,121.54067,56.8
2.97,30.4,6.2,3.9,6,464.223,24.97964,121.53805,36.2
14.83,12.5,7.4,4.6,5,561.9845,24.98746,121.54391,42.0
12.04,6.6,7.1,4.4,9,90.45606,24.97433,121.5431,59.0
4.58,35.5,9.3,5.8,3,640.7391,24.97563,121.53715,40.8
2.07,32.5,3.3,2.1,8,424.5442,24.97587,121.53913,36.3
12.6,13.8,5.0,3.1,0,4082.015,24.94155,121.50381,20.0
11.19,6.8,9.7,6.0,10,379.5575,24.98343,121.53762,54.4
11.48,12.3,9.2,5.7,1,1360.139,24.95204,121.54842,29.5
12.03,35.9,6.2,3.9,3,616.4004,24.97723,121.53767,36.8
2.96,20.5,7.3,4.5,3,2185.128,24.96322,121.51237,25.6
6.66,38.2,4.9,3.0,2,552.4371,24.97598,121.53381,29.8
3.51,18.0,4.3,2.7,1,1414.837,24.95182,121.54887,26.5
13.22,11.8,6.2,3.9,4,533.4762,24.97445,121.54765,40.3
10.1,30.8,5.5,3.4,6,377.7956,24.96427,121.53964,36.8
6.3,13.2,7.1,4.4,7,150.9347,24.96725,121.54252,48.1
2.83,25.3,3.5,2.2,3,2707.392,24.96056,121.50831,17.7
6.04,15.1,9.8,6.1,7,383.2805,24.96735,121.54464,43.7
6.23,0.0,9.9,6.2,9,338.9679,24.96853,121.54413,50.8
11.48,1.8,7.9,4.9,1,1455.798,24.9512,121.549,27.0
10.29,16.9,6.8,4.2,0,4066.587,24.94297,121.50342,18.3
13.53,8.9,5.2,3.2,0,1406.43,24.98573,121.52758,48.0
8.14,23.0,8.7,5.4,0,3947.945,24.94783,121.50243,25.3
3.55,0.0,7.8,4.8,1,274.0144,24.9748,121.53059,45.4
11.27,9.1,4.1,2.5,0,1402.016,24.98569,121.5276,43.2
11.89,20.6,9.4,5.8,4,2469.645,24.96108,121.51046,21.8
9.3,31.9,8.8,5.5,0,1146.329,24.9492,121.53076,16.1
12.02,40.9,9.6,6.0,5,167.5989,24.9663,121.54026,41.0
8.42,8.0,8.1,5.0,5,104.8101,24.96674,121.54067,51.8
8.8,6.4,7.3,4.5,9,90.45606,24.97433,121.5431,59.5
7.56,28.4,5.9,3.7,3,617.4424,24.97746,121.53299,34.6
2.33,16.4,9.5,5.9,5,289.3248,24.98203,121.54348,51.0
3.4,6.4,9.1,5.7,9,90.45606,24.97433,121.5431,62.2
2.41,17.5,3.3,2.1,4,964.7496,24.98872,121.53411,38.2
10.27,12.7,3.2,2.0,1,170.1289,24.97371,121.52984,32.9
6.09,1.1,5.6,3.5,6,193.5845,24.96571,121.54089,54.4
8.61,0.0,8.7,5.4,6,208.3905,24.95618,121.53844,45.7
13.8,32.7,9.9,6.2,6,392.4459,24.96398,121.5425,30.5
5.24,0.0,4.1,2.5,6,292.9978,24.97744,121.54458,71.0
7.33,17.2,7.2,4.5,8,189.5181,24.97707,121.54308,47.1
11.82,12.2,5.7,3.5,1,1360.139,24.95204,121.54842,26.6
4.97,31.4,9.8,6.1,2,592.5006,24.9726,121.53561,34.1
3.0,4.0,8.9,5.5,3,2147.376,24.96299,121.51284,28.4
5.77,8.1,8.9,5.5,5,104.8101,24.96674,121.54067,51.6
4.1,33.3,6.3,3.9,7,196.6172,24.97701,121.54224,39.4
14.09,9.9,5.9,3.7,3,2102.427,24.96044,121.51462,23.1
12.51,14.8,4.9,3.0,6,393.2606,24.96172,121.53812,7.6
10.23,30.6,3.4,2.1,8,143.8383,24.98155,121.54142,53.3
13.33,20.6,9.1,5.7,2,737.9161,24.98092,121.54739,46.4
12.45,30.9,8.7,5.4,1,6396.283,24.94375,121.47883,12.2
4.43,13.6,10.0,6.2,0,4197.349,24.93885,121.50383,13.0
13.6,25.3,10.0,6.2,3,1583.722,24.96622,121.51709,30.6
9.01,16.6,6.9,4.3,5,289.3248,24.98203,121.54348,59.6
12.5,13.3,8.4,5.2,5,492.2313,24.96515,121.53737,31.3
13.65,13.6,9.6,6.0,5,492.2313,24.96515,121.53737,48.0
6.13,31.5,8.9,5.5,4,414.9476,24.98199,121.54464,32.5
3.43,0.0,4.7,2.9,0,185.4296,24.9711,121.5317,45.5
4.96,9.9,6.2,3.9,7,279.1726,24.97528,121.54541,57.4
7.55,1.1,3.9,2.4,6,193.5845,24.96571,121.54089,48.6
12.63,38.6,9.7,6.0,4,804.6897,24.97838,121.53477,62.9
13.19,3.8,7.2,4.5,5,383.8624,24.98085,121.54391,55.0
2.09,41.3,4.6,2.9,6,124.9912,24.96674,121.54039,60.7
8.64,38.5,7.7,4.8,7,216.8329,24.98086,121.54162,41.0
7.43,29.6,7.3,4.5,8,535.527,24.98092,121.53653,37.5
4.89,4.0,5.5,3.4,3,2147.376,24.96299,121.51284,30.7
3.56,26.6,3.8,2.4,5,482.7581,24.97433,121.53863,37.5
6.39,18.0,7.7,4.8,8,373.3937,24.9866,121.54082,39.5
14.26,33.4,6.6,4.1,6,186.9686,24.96604,121.54211,42.2
6.2,18.9,8.4,5.2,0,1009.235,24.96357,121.54951,20.8
8.74,11.4,6.6,4.1,5,390.5684,24.97937,121.54245,46.8
11.14,13.6,9.0,5.6,6,319.0708,24.96495,121.54277,47.4
6.73,10.0,6.9,4.3,0,942.4664,24.97843,121.52406,43.5
14.63,12.9,6.9,4.3,5,492.2313,24.96515,121.53737,42.5
14.51,16.2,9.1,5.7,5,289.3248,24.98203,121.54348,51.4
5.27,5.1,5.8,3.6,3,1559.827,24.97213,121.51627,28.9
8.46,19.8,3.9,2.4,5,640.6071,24.97017,121.54647,37.5
5.91,13.6,3.2,2.0,5,492.2313,24.96515,121.53737,40.1
5.7,11.9,8.3,5.2,1,1360.139,24.95204,121.54842,28.4
2.48,2.1,7.3,4.5,5,451.2438,24.97563,121.54694,45.5
9.92,0.0,7.9,4.9,0,185.4296,24.9711,121.5317,52.2
8.53,3.2,4.5,2.8,8,489.8821,24.97017,121.54494,43.2
2.67,16.4,4.0,2.5,0,3780.59,24.93293,121.51203,45.1
5.62,34.9,3.1,1.9,8,179.4538,24.97349,121.54245,39.7
13.81,35.8,5.5,3.4,7,170.7311,24.96719,121.54269,48.5
5.11,4.9,7.1,4.4,9,387.7721,24.98118,121.53788,44.7
3.88,12.0,5.7,3.5,1,1360.139,24.95204,121.54842,28.9
8.36,6.5,6.1,3.8,6,376.1709,24.95418,121.53713,40.9
14.81,16.9,9.3,5.8,0,4066.587,24.94297,121.50342,20.7
5.15,13.8,5.4,3.4,0,4082.015,24.94155,121.50381,15.6
10.74,30.7,6.6,4.1,0,1264.73,24.94883,121.52954,18.3
11.9,16.1,8.5,5.3,4,815.9314,24.97886,121.53464,35.6
5.09,11.6,5.8,3.6,5,390.5684,24.97937,121.54245,39.4
11.47,15.5,7.4,4.6,4,815.9314,24.97886,121.53464,37.4
6.78,3.5,9.0,5.6,8,49.66105,24.95836,121.53756,57.8
10.22,19.2,9.6,6.0,3,616.4004,24.97723,121.53767,39.6
10.24,16.0,4.0,2.5,0,4066.587,24.94297,121.50342,11.6
8.97,8.5,9.5,5.9,5,104.8101,24.96674,121.54067,55.5
3.17,0.0,6.4,4.0,0,185.4296,24.9711,121.5317,55.2
12.86,13.7,4.8,3.0,1,1236.564,24.97694,121.55391,30.6
6.17,0.0,6.2,3.9,6,292.9978,24.97744,121.54458,73.6
4.42,28.2,9.9,6.2,8,330.0854,24.97408,121.54011,43.4
2.53,27.6,6.4,4.0,5,515.1122,24.96299,121.5432,37.4
9.68,8.4,5.3,3.3,1,1962.628,24.95468,121.55481,23.5
10.81,24.0,7.4,4.6,0,4527.687,24.94741,121.49628,14.4
2.22,3.6,4.7,2.9,5,383.8624,24.98085,121.54391,58.8
8.66,6.6,3.5,2.2,9,90.45606,24.97433,121.5431,58.1
4.94,41.3,3.9,2.4,4,401.8807,24.98326,121.5446,35.1
10.39,4.3,3.9,2.4,7,432.0385,24.9805,121.53778,45.2
4.27,30.2,4.1,2.5,3,472.1745,24.97005,121.53758,36.5
10.98,13.9,4.0,2.5,0,4573.779,24.94867,121.49507,19.2
7.03,33.0,7.5,4.7,9,181.0766,24.97697,121.54262,42.0
14.18,13.1,4.3,2.7,4,1144.436,24.99176,121.53456,36.7
3.79,14.0,5.4,3.4,1,438.8513,24.97493,121.5273,42.6
6.43,26.9,9.3,5.8,0,4449.27,24.94898,121.49621,15.5
3.48,11.6,6.3,3.9,8,201.8939,24.98489,121.54121,55.9
14.02,13.5,7.7,4.8,3,2147.376,24.96299,121.51284,23.6
13.41,17.0,4.2,2.6,0,4082.015,24.94155,121.50381,18.8
5.35,14.1,4.3,2.7,0,2615.465,24.95495,121.56174,21.8
10.58,31.4,3.3,2.1,3,1447.286,24.97285,121.5173,21.5
12.62,20.9,4.2,2.6,3,2185.128,24.96322,121.51237,25.7
9.22,8.9,5.0,3.1,0,3078.176,24.95464,121.56627,22.0
8.89,34.8,4.2,2.6,8,190.0392,24.97707,121.54312,44.3
5.14,16.3,3.6,2.2,0,4066.587,24.94297,121.50342,20.5
3.21,35.3,3.8,2.4,8,616.5735,24.97945,121.53642,42.3
13.66,13.2,6.2,3.9,2,750.0704,24.97371,121.54951,37.8
13.71,43.8,4.4,2.7,7,57.58945,24.9675,121.54069,42.7
10.23,9.7,5.5,3.4,5,421.479,24.98246,121.54477,49.3
6.41,15.2,6.5,4.0,0,3771.895,24.93363,121.51158,29.3
6.54,15.2,7.8,4.8,5,461.1016,24.95425,121.5399,34.6
11.44,22.8,3.3,2.1,2,707.9067,24.981,121.54713,36.6
13.66,34.4,8.6,5.3,8,126.7286,24.96881,121.54089,48.2
13.53,34.0,7.4,4.6,7,157.6052,24.96628,121.54196,39.1
12.14,18.2,3.6,2.2,8,451.6419,24.96945,121.5449,31.6
10.35,17.4,9.1,5.7,0,995.7554,24.96305,121.54915,25.5
3.09,13.1,9.4,5.8,5,561.9845,24.98746,121.54391,45.9
4.1,38.3,3.4,2.1,3,642.6985,24.97559,121.53713,31.5
13.68,15.6,4.9,3.0,5,289.3248,24.98203,121.54348,46.1
9.88,18.0,8.6,5.3,1,1414.837,24.95182,121.54887,26.6
2.12,12.8,8.2,5.1,3,1449.722,24.97289,121.51728,21.4
3.32,22.2,4.3,2.7,10,379.5575,24.98343,121.53762,44.0
10.63,38.5,4.5,2.8,3,665.0636,24.97503,121.53692,34.2
2.07,11.5,5.6,3.5,1,1360.139,24.95204,121.54842,26.2
4.09,34.8,6.4,4.0,8,175.6294,24.97347,121.54271,40.9
9.13,5.2,7.3,4.5,5,390.5684,24.97937,121.54245,52.2
10.99,0.0,5.6,3.5,1,274.0144,24.9748,121.53059,43.5
10.48,17.6,6.2,3.9,2,1805.665,24.98672,121.52091,31.1
4.92,6.2,8.2,5.1,9,90.45606,24.97433,121.5431,58.0
11.26,18.1,3.3,2.1,3,1783.18,24.96731,121.51486,20.9
5.08,19.2,4.8,3.0,8,383.7129,24.972,121.54477,48.1
6.23,37.8,8.0,5.0,1,590.9292,24.97153,121.53559,39.7
11.7,28.0,9.3,5.8,6,372.6242,24.97838,121.54119,40.8
10.45,13.6,6.6,4.1,5,492.2313,24.96515,121.53737,43.8
13.04,29.3,6.7,4.2,8,529.7771,24.98102,121.53655,40.2
10.55,37.2,3.8,2.4,9,186.5101,24.97703,121.54265,78.3
9.39,9.0,6.1,3.8,0,1402.016,24.98569,121.5276,38.5
3.22,30.6,6.7,4.2,10,431.1114,24.98123,121.53743,48.5
6.78,9.1,4.7,2.9,0,1402.016,24.98569,121.5276,42.3
5.45,34.5,4.9,3.0,6,324.9419,24.97814,121.5417,46.0
5.17,1.1,5.6,3.5,6,193.5845,24.96571,121.54089,49.0
14.65,16.5,3.1,1.9,0,4082.015,24.94155,121.50381,12.8
7.11,32.4,5.3,3.3,8,265.0609,24.98059,121.53986,40.2
13.6,11.9,4.5,2.8,0,3171.329,25.00115,121.51776,46.6
10.2,31.0,5.3,3.3,0,1156.412,24.9489,121.53095,19.0
12.33,4.0,3.8,2.4,3,2147.376,24.96299,121.51284,33.4
8.53,16.2,9.2,5.7,0,4074.736,24.94235,121.50357,14.7
9.5,27.1,7.2,4.5,1,4412.765,24.95032,121.49587,17.4
8.4,39.7,7.8,4.8,9,333.3679,24.98016,121.53932,32.4
4.54,8.0,8.5,5.3,4,2216.612,24.96007,121.51361,23.9
11.39,12.9,6.5,4.0,7,250.631,24.96606,121.54297,39.3
5.65,3.6,3.6,2.2,10,373.8389,24.98322,121.53765,61.9
2.32,13.0,6.8,4.2,0,732.8528,24.97668,121.52518,39.0
10.39,12.8,7.1,4.4,0,732.8528,24.97668,121.52518,40.6
4.3,18.1,8.2,5.1,0,837.7233,24.96334,121.54767,29.7
14.23,11.0,6.0,3.7,2,1712.632,24.96412,121.5167,28.8
14.4,13.7,3.9,2.4,7,250.631,24.96606,121.54297,41.4
13.89,2.0,5.0,3.1,3,2077.39,24.96357,121.51329,33.4
6.81,32.8,5.5,3.4,8,204.1705,24.98236,121.53923,48.2
2.2,4.8,7.5,4.7,3,1559.827,24.97213,121.51627,21.7
14.07,7.5,7.0,4.3,5,639.6198,24.97258,121.54814,40.8
7.57,16.4,5.5,3.4,6,389.8219,24.96412,121.54273,40.6
14.57,21.7,9.9,6.2,0,1055.067,24.96211,121.54928,23.1
14.53,19.0,7.2,4.5,0,1009.235,24.96357,121.54951,22.3
13.09,18.0,4.7,2.9,1,6306.153,24.95743,121.47516,15.0
5.83,39.2,3.7,2.3,7,424.7132,24.97429,121.53917,30.0
7.01,31.7,4.1,2.5,0,1159.454,24.9496,121.53018,13.8
13.06,5.9,4.7,2.9,9,90.45606,24.97433,121.5431,52.7
6.12,30.4,4.1,2.5,2,1735.595,24.96464,121.51623,25.9
4.2,1.1,4.3,2.7,5,329.9747,24.98254,121.54395,51.8
9.24,31.5,5.0,3.1,1,5512.038,24.95095,121.48458,17.4
14.17,14.6,4.2,2.6,1,339.2289,24.97519,121.53151,26.5
11.05,17.3,9.3,5.8,1,444.1334,24.97501,121.5273,43.9
9.41,0.0,3.6,2.2,6,292.9978,24.97744,121.54458,63.3
3.26,17.7,6.7,4.2,0,837.7233,24.96334,121.54767,28.8
10.0,17.0,5.9,3.7,4,1485.097,24.97073,121.517,30.7
14.87,16.2,9.9,6.2,3,2288.011,24.95885,121.51359,24.4
3.82,15.9,3.8,2.4,5,289.3248,24.98203,121.54348,53.0
8.74,3.9,5.8,3.6,3,2147.376,24.96299,121.51284,31.7
13.41,32.6,9.8,6.1,7,493.657,24.96968,121.54522,40.6
11.63,15.7,9.1,5.7,4,815.9314,24.97886,121.53464,38.1
11.06,17.8,8.7,5.4,3,1783.18,24.96731,121.51486,23.7
11.13,34.7,4.8,3.0,5,482.7581,24.97433,121.53863,41.1
6.67,17.2,4.2,2.6,5,390.5684,24.97937,121.54245,40.1
5.82,17.6,7.7,4.8,0,837.7233,24.96334,121.54767,23.0
12.52,10.8,9.5,5.9,1,252.5822,24.9746,121.53046,117.5
12.53,17.7,6.9,4.3,8,451.6419,24.96945,121.5449,26.5
13.27,13.0,7.0,4.3,5,492.2313,24.96515,121.53737,40.5
13.87,13.2,5.0,3.1,1,170.1289,24.97371,121.52984,29.3
8.65,27.5,8.4,5.2,7,394.0173,24.97305,121.53994,41.0
8.52,1.5,4.3,2.7,7,23.38284,24.96772,121.54102,49.7
12.38,19.1,5.3,3.3,5,461.1016,24.95425,121.5399,34.0
10.45,21.2,6.0,3.7,3,2185.128,24.96322,121.51237,27.7
11.13,0.0,6.6,4.1,6,208.3905,24.95618,121.53844,44.0
12.35,2.6,4.7,2.9,3,1554.25,24.97026,121.51642,31.1
13.57,2.3,3.8,2.4,6,184.3302,24.96581,121.54086,45.4
6.39,4.7,7.3,4.5,9,387.7721,24.98118,121.53788,44.8
6.88,2.0,5.0,3.1,1,1455.798,24.9512,121.549,25.6
3.22,33.5,7.1,4.4,2,1978.671,24.98674,121.51844,23.5
9.52,15.0,4.1,2.5,7,383.2805,24.96735,121.54464,34.4
2.47,30.1,6.4,4.0,3,718.2937,24.97509,121.53644,55.3
8.05,5.9,6.7,4.2,9,90.45606,24.97433,121.5431,56.3
9.05,19.2,3.4,2.1,5,461.1016,24.95425,121.5399,32.9
5.73,16.6,5.4,3.4,6,323.6912,24.97841,121.5428,51.0
9.68,13.9,3.9,2.4,5,289.3248,24.98203,121.54348,44.5
2.4,37.7,3.4,2.1,0,490.3446,24.97217,121.53471,37.0
2.49,3.4,9.9,6.2,7,56.47425,24.95744,121.53711,54.4
12.69,17.5,5.3,3.3,5,395.6747,24.95674,121.534,24.5
6.68,12.6,8.7,5.4,7,383.2805,24.96735,121.54464,42.5
3.65,26.4,4.8,3.0,6,335.5273,24.9796,121.5414,38.1
8.79,18.2,7.8,4.8,3,2179.59,24.96299,121.51252,21.8
12.01,12.5,8.3,5.2,4,1144.436,24.99176,121.53456,34.1
4.81,34.9,7.2,4.5,4,567.0349,24.97003,121.5458,28.5
10.1,16.7,6.3,3.9,0,4082.015,24.94155,121.50381,16.7
3.11,33.2,5.9,3.7,10,121.7262,24.98178,121.54059,46.1
2.67,2.5,5.4,3.4,4,156.2442,24.96696,121.53992,36.9
8.91,38.0,9.5,5.9,0,461.7848,24.97229,121.53445,35.7
9.03,16.5,8.8,5.5,3,2288.011,24.95885,121.51359,23.2
10.29,38.3,9.8,6.1,0,439.7105,24.97161,121.53423,38.4
11.44,20.0,3.9,2.4,3,1626.083,24.96622,121.51668,29.4
14.69,16.2,8.1,5.0,5,289.3248,24.98203,121.54348,55.0
8.71,14.4,9.6,6.0,1,169.9803,24.97369,121.52979,50.2
6.2,10.3,4.3,2.7,0,3079.89,24.9546,121.56627,24.7
12.34,16.4,3.5,2.2,5,289.3248,24.98203,121.54348,53.0
5.52,30.3,8.2,5.1,0,1264.73,24.94883,121.52954,19.1
7.71,16.4,7.0,4.3,2,1643.499,24.95394,121.55174,24.7
3.02,21.3,8.9,5.5,4,537.7971,24.97425,121.53814,42.2
2.33,35.4,4.0,2.5,9,318.5292,24.97071,121.54069,78.0
14.51,8.3,8.6,5.3,5,104.8101,24.96674,121.54067,42.8
12.87,3.7,4.4,2.7,6,577.9615,24.97201,121.54722,41.6
11.05,15.6,4.1,2.5,2,1756.411,24.9832,121.51812,27.3
7.32,13.3,4.1,2.5,7,250.631,24.96606,121.54297,42.0
4.25,15.6,8.7,5.4,2,752.7669,24.97795,121.53451,37.5
4.03,7.1,7.7,4.8,10,379.5575,24.98343,121.53762,49.8
5.25,34.6,6.7,4.2,5,272.6783,24.95562,121.53872,26.9
9.14,13.5,5.5,3.4,0,4197.349,24.93885,121.50383,18.6
11.29,16.9,9.1,5.7,4,964.7496,24.98872,121.53411,37.7
10.58,12.9,5.7,3.5,1,187.4823,24.97388,121.52981,33.1
5.64,28.6,8.7,5.4,6,197.1338,24.97631,121.54436,42.5
14.41,12.4,6.1,3.8,2,1712.632,24.96412,121.5167,31.3
11.59,36.6,5.6,3.5,8,488.8193,24.97015,121.54494,38.1
9.21,4.1,6.2,3.9,7,56.47425,24.95744,121.53711,62.1
9.95,3.5,5.1,3.2,3,757.3377,24.97538,121.54971,36.7
7.45,15.9,8.2,5.1,3,1497.713,24.97003,121.51696,23.6
5.22,13.6,6.5,4.0,0,4197.349,24.93885,121.50383,19.2
6.63,32.0,4.6,2.9,0,1156.777,24.94935,121.53046,12.8
11.85,25.6,9.3,5.8,0,4519.69,24.94826,121.49587,15.6
2.19,39.8,5.7,3.5,2,617.7134,24.97577,121.53475,39.6
3.51,7.8,6.8,4.2,5,104.8101,24.96674,121.54067,38.4
2.6,30.0,9.3,5.8,5,1013.341,24.99006,121.5346,22.8
2.53,27.3,7.4,4.6,6,337.6016,24.96431,121.54063,36.5
13.12,5.1,3.8,2.4,2,1867.233,24.98407,121.51748,35.6
11.15,31.3,9.6,6.0,5,600.8604,24.96871,121.54651,30.9
8.16,31.5,7.4,4.6,9,258.186,24.96867,121.54331,36.3
3.27,1.7,5.3,3.3,5,329.9747,24.98254,121.54395,50.4
8.39,33.6,4.0,2.5,0,270.8895,24.97281,121.53265,42.9
8.16,13.0,8.6,5.3,2,750.0704,24.97371,121.54951,37.0
4.25,5.7,7.3,4.5,9,90.45606,24.97433,121.5431,53.5
7.64,33.5,6.7,4.2,8,563.2854,24.98223,121.53597,46.6
7.18,34.6,9.3,5.8,0,3085.17,24.998,121.5155,41.2
10.01,0.0,8.5,5.3,0,185.4296,24.9711,121.5317,37.9
10.26,13.2,4.1,2.5,2,1712.632,24.96412,121.5167,30.8
2.59,17.4,5.2,3.2,1,6488.021,24.95719,121.47353,11.2
6.87,4.6,4.7,2.9,6,259.6607,24.97585,121.54516,53.7
10.14,7.8,8.2,5.1,5,104.8101,24.96674,121.54067,47.0
8.54,13.2,3.2,2.0,5,492.2313,24.96515,121.53737,42.3
13.13,4.0,7.0,4.3,3,2180.245,24.96324,121.51241,28.6
10.56,18.4,8.3,5.2,3,2674.961,24.96143,121.50827,25.7
4.12,4.1,9.1,5.7,3,2147.376,24.96299,121.51284,31.3
2.92,12.2,5.4,3.4,1,1360.139,24.95204,121.54842,30.1
10.35,3.8,8.7,5.4,5,383.8624,24.98085,121.54391,60.7
2.34,10.3,3.8,2.4,1,211.4473,24.97417,121.52999,45.3
9.62,0.0,8.9,5.5,9,338.9679,24.96853,121.54413,44.9
14.22,1.1,3.9,2.4,6,193.5845,24.96571,121.54089,45.1
9.48,5.6,5.8,3.6,0,2408.993,24.95505,121.55964,24.7
7.05,32.9,8.6,5.3,10,87.30222,24.983,121.54022,47.1
10.36,41.4,4.0,2.5,8,281.205,24.97345,121.54093,63.3
7.96,17.1,4.6,2.9,4,967.4,24.98872,121.53408,40.0
9.09,32.3,8.1,5.0,10,109.9455,24.98182,121.54086,48.0
14.24,35.3,8.0,5.0,7,614.1394,24.97913,121.53666,33.1
7.02,17.3,7.5,4.7,4,2261.432,24.96182,121.51222,29.5
14.5,14.2,7.9,4.9,1,1801.544,24.95153,121.55254,24.8
13.77,15.0,6.8,4.2,2,1828.319,24.96464,121.51531,20.9
4.55,18.2,4.8,3.0,1,350.8515,24.97544,121.53119,43.1
2.9,20.2,5.4,3.4,3,2185.128,24.96322,121.51237,22.8
3.31,15.9,4.3,2.7,5,289.3248,24.98203,121.54348,42.1
2.24,4.1,9.4,5.8,5,312.8963,24.95591,121.53956,51.7
3.23,33.9,7.1,4.4,7,157.6052,24.96628,121.54196,41.5
10.88,0.0,5.8,3.6,1,274.0144,24.9748,121.53059,52.2
2.93,5.4,6.2,3.9,5,390.5684,24.97937,121.54245,49.5
6.15,21.7,9.6,6.0,0,1157.988,24.96165,121.55011,23.8
12.98,14.7,4.1,2.5,2,1717.193,24.96447,121.51649,30.5
2.3,3.9,7.1,4.4,8,49.66105,24.95836,121.53756,56.8
12.59,37.3,6.5,4.0,8,587.8877,24.97077,121.54634,37.4
5.66,0.0,7.3,4.5,6,292.9978,24.97744,121.54458,69.7
3.54,14.1,3.1,1.9,5,289.3248,24.98203,121.54348,53.3
11.06,8.0,9.1,5.7,9,132.5469,24.98298,121.53981,47.3
10.18,16.3,9.5,5.9,0,3529.564,24.93207,121.51597,29.3
13.41,29.1,7.0,4.3,4,506.1144,24.97845,121.53889,40.3
11.56,16.1,7.9,4.9,0,4066.587,24.94297,121.50342,12.9
12.45,18.3,9.5,5.9,10,82.88643,24.983,121.54026,46.6
5.67,0.0,8.0,5.0,0,185.4296,24.9711,121.5317,55.3
4.31,16.2,4.1,2.5,3,2103.555,24.96042,121.51462,25.6
11.76,10.4,7.0,4.3,4,2251.938,24.95957,121.51353,27.3
12.49,40.9,7.2,4.5,8,122.3619,24.96756,121.5423,67.7
14.88,32.8,6.0,3.7,9,377.8302,24.97151,121.5435,38.6
7.36,6.2,8.2,5.1,1,1939.749,24.95155,121.55387,31.3
6.84,42.7,9.5,5.9,6,443.802,24.97927,121.53874,35.3
12.09,16.9,9.5,5.9,4,967.4,24.98872,121.53408,40.3
6.43,32.6,6.2,3.9,1,4136.271,24.95544,121.4963,24.7
14.1,21.2,3.8,2.4,4,512.5487,24.974,121.53842,42.5
13.16,37.1,9.9,6.2,1,918.6357,24.97198,121.55063,31.9
7.58,13.1,8.9,5.5,4,1164.838,24.99156,121.53406,32.2
11.76,14.7,3.9,2.4,2,1717.193,24.96447,121.51649,23.0
11.81,12.7,9.4,5.8,1,170.1289,24.97371,121.52984,37.3
3.34,26.8,9.1,5.7,5,482.7581,24.97433,121.53863,35.5
13.73,7.6,6.6,4.1,3,2175.03,24.96305,121.51254,27.7
8.57,12.7,7.1,4.4,1,187.4823,24.97388,121.52981,28.5
12.74,30.9,5.8,3.6,9,161.942,24.98353,121.53966,39.7
6.16,16.4,3.4,2.1,5,289.3248,24.98203,121.54348,41.2
13.64,23.0,5.3,3.3,6,130.9945,24.95663,121.53765,37.2
7.06,1.9,8.6,5.3,7,372.1386,24.97293,121.54026,40.5
2.14,5.2,3.0,1.9,0,2408.993,24.95505,121.55964,22.3
13.77,18.5,5.3,3.3,3,2175.744,24.9633,121.51243,28.1
3.19,13.7,5.8,3.6,0,4082.015,24.94155,121.50381,15.4
6.15,5.6,6.8,4.2,9,90.45606,24.97433,121.5431,50.0
14.35,18.8,9.4,5.8,7,390.9696,24.97923,121.53986,40.6
14.36,8.1,5.4,3.4,5,104.8101,24.96674,121.54067,52.5
9.45,6.5,5.4,3.4,9,90.45606,24.97433,121.5431,63.9
